optimization,baselineMean,baselineVariance,benchmarkMean,benchmarkVariance,tStat
aggregating-merge-tree-table,6630.035474666664,2213110.3540301453,975.3788511333331,475038.0224238186,-26.71500406628145
materialized-tod-columns,7025.794147016666,5188924.377853121,7357.904482699999,6582555.35847893,0.749794908663794
started-at-sort-ended-at-projection,9863.829477583331,13778000.183543237,1767.849296033334,3570567.351612592,-15.056126362444106
station_ids-projection,11778.102984183335,25469559.770072345,16520.155939049997,25537293.127691153,5.143133061309955
time-and-station_ids-projection,7839.172886366666,6714807.509146401,1844.6390113833338,2483952.469615731,-15.309690122228444
use-low-cardinality-for-station-fields,7970.994274016663,3572771.690478178,8049.208769783333,11881174.574342802,0.15411438449133422
