optimization,baselineMean,baselineVariance,benchmarkMean,benchmarkVariance,tStat
aggregating-merge-tree-table,5620.906244299998,862056.9483014691,704.5934649333333,503961.27408704767,-32.582686067023275
materialized-tod-columns,5202.3036483333335,329977.6407305579,4125.1483651,1680542.2088268127,-5.884367098336279
started-at-sort-ended-at-projection,5557.544194316667,656191.305305194,1063.231461633333,1042336.4162939251,-26.711765573686176
station_ids-projection,5967.864039733332,1447066.2678663451,6571.519804499997,3381269.5009536888,2.1279736486018233
time-and-station_ids-projection,5871.106925766665,610845.0787433332,1181.6693957000002,571856.8433302367,-33.40094303077207
use-low-cardinality-for-station-fields,5415.192992866666,459864.6601674591,5109.898411516667,368259.6739220804,-2.598644960329018
